{
	"info": {
		"_postman_id": "85a660e0-611a-4830-bb50-4de4f2357fb0",
		"name": "Udaconnect API",
		"schema": "https://schema.getpostman.com/json/collection/v2.0.0/collection.json"
	},
	"item": [
		{
			"name": "Connection API",
			"item": [
				{
					"name": "http://localhost:30041/api/persons/:person_id/connection?start_date=2020-01-01&end_date=2020-12-30&distance=5",
					"request": {
						"method": "GET",
						"header": [],
						"url": {
							"raw": "http://localhost:30041/api/persons/:person_id/connection?start_date=2020-01-01&end_date=2020-12-30&distance=5",
							"protocol": "http",
							"host": [
								"localhost"
							],
							"port": "30041",
							"path": [
								"api",
								"persons",
								":person_id",
								"connection"
							],
							"query": [
								{
									"key": "start_date",
									"value": "2020-01-01"
								},
								{
									"key": "end_date",
									"value": "2020-12-30"
								},
								{
									"key": "distance",
									"value": "5"
								}
							],
							"variable": [
								{
									"key": "person_id",
									"value": "8"
								}
							]
						}
					},
					"response": []
				}
			]
		},
		{
			"name": "Location API",
			"item": [
				{
					"name": "http://localhost:30011/api/locations/25",
					"request": {
						"method": "GET",
						"header": [],
						"url": "http://localhost:30011/api/locations/25"
					},
					"response": []
				}
			]
		},
		{
			"name": "Person API",
			"item": [
				{
					"name": "http://localhost:30031/api/persons/:person_id",
					"request": {
						"method": "GET",
						"header": [],
						"url": {
							"raw": "http://localhost:30031/api/persons/:person_id",
							"protocol": "http",
							"host": [
								"localhost"
							],
							"port": "30031",
							"path": [
								"api",
								"persons",
								":person_id"
							],
							"variable": [
								{
									"key": "person_id",
									"value": "8"
								}
							]
						}
					},
					"response": []
				},
				{
					"name": "http://localhost:30031/api/persons",
					"request": {
						"method": "GET",
						"header": [],
						"url": "http://localhost:30031/api/persons"
					},
					"response": []
				},
				{
					"name": "http://localhost:30031/api/persons",
					"request": {
						"method": "POST",
						"header": [],
						"body": {
							"mode": "raw",
							"raw": ""
						},
						"url": "http://localhost:30031/api/persons"
					},
					"response": []
				}
			]
		}
	],
	"variable": [
		{
			"key": "location_id",
			"value": ":location_id"
		},
		{
			"key": "start_date",
			"value": "start_date"
		},
		{
			"key": "end_date",
			"value": "end_date"
		},
		{
			"key": "distance",
			"value": "distance"
		}
	]
}